{
    "temp_calibration.gcode": {
        "hash": "cca8b8c778236468fe9ce49c02eeedc7d2cf3bd1",
        "analysis": {
            "analysisPending": false
        }
    },
    "PINDA_Z_axis_calibration.gcode": {
        "hash": "5d05b3f32aa2f9a0c60e07cc2a56d1545050823a",
        "analysis": {
            "analysisPending": false
        }
    },
    "ECOR_TOWER.gcode": {
        "hash": "db18fcce3205f5708417d449f71d701105226fb4",
        "analysis": {
            "printingArea": {
                "maxZ": 105.0,
                "maxX": 141.459,
                "maxY": 121.459,
                "minX": 60.0,
                "minY": -3.0,
                "minZ": 0.0
            },
            "dimensions": {
                "width": 81.459,
                "depth": 124.459,
                "height": 105.0
            },
            "compensatedPrintTime": 3839.0,
            "analysisPending": false,
            "analysisPrintTime": 3839.0,
            "analysisLastFilamentPrintTime": 3837.8547297879304,
            "firstFilament": 0.00421541848424314,
            "filament": {
                "tool0": {
                    "volume": 12.783371222185655,
                    "length": 1808.4770335763465
                }
            },
            "progress": [
                [
                    0,
                    3771.457558340313
                ],
                [
                    0.00387704349953117,
                    3766.276485098071
                ],
                [
                    0.00421541848424314,
                    3760.2721377922962
                ],
                [
                    0.04422520282115047,
                    3699.834493343743
                ],
                [
                    0.07571853724163236,
                    3639.656448114377
                ],
                [
                    0.09578865832280158,
                    3579.1465807095647
                ],
                [
                    0.10964980227485834,
                    3518.6221076292036
                ],
                [
                    0.1245790696726324,
                    3457.6400765454628
                ],
                [
                    0.13967548615924008,
                    3396.66777639542
                ],
                [
                    0.15477190264584778,
                    3335.7001678310335
                ],
                [
                    0.1687390435810673,
                    3275.1884775164904
                ],
                [
                    0.18402299319173224,
                    3214.352752307361
                ],
                [
                    0.19913979371356352,
                    3153.374230323473
                ],
                [
                    0.21434220718333402,
                    3092.5961063732716
                ],
                [
                    0.22836642341717966,
                    3032.071731739601
                ],
                [
                    0.24347914713196625,
                    2971.089844826946
                ],
                [
                    0.25882832565534675,
                    2910.1171901877506
                ],
                [
                    0.27410819845896695,
                    2849.1495125361344
                ],
                [
                    0.2881324146928126,
                    2788.637923706822
                ],
                [
                    0.3034856700232378,
                    2727.8018542034906
                ],
                [
                    0.3186024705450691,
                    2666.8232876120956
                ],
                [
                    0.33395980268253905,
                    2605.9678441675637
                ],
                [
                    0.3478209466345958,
                    2545.373806886921
                ],
                [
                    0.3631048962452607,
                    2484.537885737828
                ],
                [
                    0.3782910024868523,
                    2423.559264013252
                ],
                [
                    0.3935708752904725,
                    2362.586595459581
                ],
                [
                    0.40759509152431816,
                    2302.0705461345874
                ],
                [
                    0.4229401932406539,
                    2241.0911588663184
                ],
                [
                    0.43822821965836356,
                    2180.2713121673105
                ],
                [
                    0.45334502018019485,
                    2119.292690442734
                ],
                [
                    0.46728362346610136,
                    2058.8063488306943
                ],
                [
                    0.48255941946267683,
                    1997.8267862086466
                ],
                [
                    0.4978474458803865,
                    1937.0072406609672
                ],
                [
                    0.5130376289290228,
                    1876.0285936719783
                ],
                [
                    0.5270618451628685,
                    1815.5083397264616
                ],
                [
                    0.5423376411594439,
                    1754.5277070773093
                ],
                [
                    0.5576908964898691,
                    1693.5601385701957
                ],
                [
                    0.5729789229075788,
                    1632.7404611420639
                ],
                [
                    0.5870031391414244,
                    1572.2162049707763
                ],
                [
                    0.6020343267153165,
                    1511.2644797258208
                ],
                [
                    0.6173141995189367,
                    1450.2970190442966
                ],
                [
                    0.6326756084634514,
                    1389.477461492137
                ],
                [
                    0.646699824697297,
                    1328.952797926343
                ],
                [
                    0.6618125484120837,
                    1267.9702913595343
                ],
                [
                    0.6771658037425089,
                    1206.9972209734765
                ],
                [
                    0.6924456765461291,
                    1146.0292354071657
                ],
                [
                    0.7064698927799747,
                    1085.5170661896632
                ],
                [
                    0.7215092339679563,
                    1024.7046929222815
                ],
                [
                    0.7367891067715765,
                    963.7324954263017
                ],
                [
                    0.7520689795751967,
                    902.7651589183301
                ],
                [
                    0.7661665783358473,
                    842.2537091019426
                ],
                [
                    0.7814505279465123,
                    781.4181892228662
                ],
                [
                    0.7965673284683435,
                    720.4398092988527
                ],
                [
                    0.8119205837987689,
                    659.4675002551007
                ],
                [
                    0.8259448000326145,
                    598.9517039516013
                ],
                [
                    0.84122059602919,
                    537.9717226415519
                ],
                [
                    0.8562640140242163,
                    477.1756380315178
                ],
                [
                    0.8715438868278365,
                    416.2030925368281
                ],
                [
