{
    "Keyring_holder.stl": {
        "hash": "33b0dca4b5567a5d7808717922254744d457ba8b"
    },
    "Keyholder_STL_0.2mm_PLA_MK3.gcode": {
        "hash": "52df5e0497cf0ba0dc37c66155f2efebb75ca32e",
        "analysis": {
            "printingArea": {
                "maxZ": 4.0,
                "maxX": 156.248,
                "maxY": 154.064,
                "minX": 60.0,
                "minY": -3.0,
                "minZ": 0.0
            },
            "dimensions": {
                "width": 96.24799999999999,
                "depth": 157.064,
                "height": 4.0
            },
            "compensatedPrintTime": 3558.0,
            "analysisPending": false,
            "analysisPrintTime": 3558.0,
            "analysisLastFilamentPrintTime": 3558.0,
            "firstFilament": 0.0006695076323870093,
            "filament": {
                "tool0": {
                    "volume": 26.233919563999407,
                    "length": 3711.3403191987118
                }
            },
            "progress": [
                [
                    0,
                    3558.0
                ],
                [
                    0.0006695076323870093,
                    3540.0
                ],
                [
                    0.010483319509842413,
                    3480.0
                ],
                [
                    0.013914708627678355,
                    3420.0
                ],
                [
                    0.019615923621529287,
                    3360.0
                ],
                [
                    0.02751091362441532,
                    3300.0
                ],
                [
                    0.031064504135347143,
                    3240.0
                ],
                [
                    0.03981100384544384,
                    3180.0
                ],
                [
                    0.053146555870736925,
                    3120.0
                ],
                [
                    0.06741421852209115,
                    3060.0
                ],
                [
                    0.08172413165510087,
                    3000.0
                ],
                [
                    0.09507138381377547,
                    2940.0
                ],
                [
                    0.10957824919204079,
                    2880.0
                ],
                [
                    0.12795070863807848,
                    2820.0
                ],
                [
                    0.14925925155546774,
                    2760.0
                ],
                [
                    0.16670025038285435,
                    2700.0
                ],
                [
                    0.18800879330024362,
                    2640.0
                ],
                [
                    0.2075915665438586,
                    2580.0
                ],
                [
                    0.22898591043937902,
                    2520.0
                ],
                [
                    0.24856868368299398,
                    2460.0
                ],
                [
                    0.2677016517988305,
                    2400.0
                ],
                [
                    0.2940581522629358,
                    2340.0
                ],
                [
                    0.3210367098184919,
                    2280.0
                ],
                [
                    0.34667885213891436,
                    2220.0
                ],
                [
                    0.3709481788092384,
                    2160.0
                ],
                [
                    0.3747091216839872,
                    2100.0
                ],
                [
                    0.3854387940022516,
                    2040.0
                ],
                [
                    0.3953709072283424,
                    1980.0
                ],
                [
                    0.399884558683969,
                    1920.0
                ],
                [
                    0.42040659263515606,
                    1860.0
                ],
                [
                    0.43500510905824324,
                    1800.0
                ],
                [
                    0.447545702021003,
                    1740.0
                ],
                [
                    0.4686572926931367,
                    1680.0
                ],
                [
                    0.4834696615541417,
                    1620.0
                ],
                [
                    0.4969625153726753,
                    1560.0
                ],
                [
                    0.5086158482206697,
                    1500.0
                ],
                [
                    0.5190198668264818,
                    1440.0
                ],
                [
                    0.5322683178588236,
                    1380.0
                ],
                [
                    0.5420034788396588,
                    1320.0
                ],
                [
                    0.557233152457938,
                    1260.0
                ],
                [
                    0.5836176032406769,
                    1200.0
                ],
                [
                    0.6125351329005151,
                    1140.0
                ],
                [
                    0.6283179628247763,
                    1080.0
                ],
                [
                    0.655032617371838,
                    1020.0
                ],
                [
                    0.6837044442306642,
                    960.0
                ],
                [
                    0.6978668056815848,
                    900.0
                ],
                [
                    0.7231410438078995,
                    840.0
                ],
                [
                    0.7466030612748985,
                    780.0
                ],
                [
                    0.7637151563527824,
                    720.0
                ],
                [
                    0.7942219541302771,
                    660.0
                ],
                [
                    0.8083901656478883,
                    600.0
                ],
                [
                    0.8307283203028515,
                    540.0
                ],
                [
                    0.844829581057224,
                    480.0
                ],
                [
                    0.8670169339930475,
                    420.0
                ],
                [
                    0.8824474599010429,
                    360.0
                ],
                [
                    0.9029662438151795,
                    300.0
                ],
                [
                    0.9176557612756785,
                    240.0
                ],
                [
                    0.9386906510734222,
                    180.0
                ],
                [
                    0.9528296122575798,
                    120.0
                ],
                [
                    0.9732606451713549,
                    60.0
                ],
                [
                    0.9933322239873534,
                    0.0
                ],
                [
                    1,
                    0
                ]
            ],
            "lastFilament": 0.9943449355322651,
            "analysisFirstFilamentPrintTime": 18.0,
            "estimatedPrintTime": 3558.0
        }
    },
    "Keyholder_STL_0.15mm_PLA_MK3.gcode": {
        "hash": "830574c1054a375412aad80d8aac9dfb192495a8",
        "analysis": {
            "analysisFirstFilamentPrintTime": 29.0,
            "printingArea": {
                "maxZ": 3.950000047683716,
                "maxX": 156.248,
                "maxY": 154.064,
                "minX": 60.0,
                "minY": -3.0,